First Name,Last Name,Email
,,tea@time4tea.co.il
Mira,,mirashb@bezeqint.net
Ralf,Schmidt,Ralf.Schmidt@lumenis.com
Illa,Karia,iIla.karia@humber.ca
Donfeel,,donfeel@bk.ru
Agnes,Kozyra,agnes.kozyra@lumenis.com
Sara,Zuker,zuker@pa.technion.ac.il
Rishum,Braude,Brd_Marketing1@admin.ort.org.il
gutovskaya.maria@gma,,gutovskayamaria@gmail.com
,,gtpniyot@golantelecom.co.il
,,egerlitz@bezeqint.net
Wassim,Abboud,wassim.abboud@live.com
,,dorita@cs.technion.ac.il
Florina,Drach,florina.drach@gmail.com
Юлия,Веляева,velyaeva-ya@fxclub.org
Vadym,Pogorilyi,evementat@gmail.com
Etty,Shahal,ettys@pa.technion.ac.il
,,numeroscop-off@uzers.ru
,,dimberry@kindle.com
mfl3000il@gmail.com,,mfl3000il@gmail.com
oleg,Volodarsky,olegvolodarsky@gmail.com
Anatoly,אייזן,anatolya@moia.gov.il
Ayelet,Shushan,ayelet.ayla@gmail.com
Semion,Skvortsov,simon.skvortsov@gmail.com
alitek@e1.ru,,alitek@e1.ru
adm,,adm@akado-ural.ru
,,it@lenta-co.ru
Aharon,Altman,alaltm@gmail.com
Tanya,Gilevich,tanyagilevich@gmail.com
Judith,Mesika,juditm@braude.ac.il
Татьяна,Голованова,golovanova.ta0@gmail.com
Svetlana,Karsten,svetlana.karsten@lumenis.com
natashikfox,,natashikfox@gmail.com
andreymdbv@gmail.com,,andreymdbv@gmail.com
Jasmine,Ershova,flights@pamediakopes.gr
Nelly,Shulman,nashulmans@mail.ru
,,videolan.mobile@gmail.com
Anya,Zagurskaya,anna8157@gmail.com
,,Kerstin.Schimper@lumenis.com
הכוונה,חיפה,haifamail44@gmail.com
,,doritacs@technion.ac.il
אנה,עולים,rashat.minhal.hai1@gmail.com
,,welcome@planeta.tc
,,otvet@sindbad.ru
,,web@arkia.co.il
,,adm@olympus.ru
Magdalena,Zadolna,magdalena.Zadolna@lumenis.com
Marina,Minishin,marin.minishin@gmail.com
Антон,Урванцев,alitek@icloud.com
,,rm-2bw5ajdabgwc6fdauw2s21ct6fr4ju6@i.wix.com
,,alexffeta@gmail.com
ka_te_rinka@mail.ru,,ka_te_rinka@mail.ru
Orna Muller,אורנה מילר,ornamu@braude.ac.il
,,kdam@tx.technion.ac.il
,,tamir.kovalio@hot.net.il
Barak,Levi,barak302l@gmail.com
Яремко,Анатольевна,yaremko.olga@itmh.ru
Anan,Fakheraldin,anan.fa@gmail.com
Arthur,Boim,arthur.boim@gmail.com
Светлана,Урванцева,svetlanaur13@gmail.com
Svetlana,Urvantseva,ur_sv@mail.ru
Olga,Levina,olga.levina@gmail.com
batel,asaraf,batelas168@gmail.com
Alexey,Potapov,potapov@aideus.com
infodesk,,infodesk@openu.ac.il
,,helpdesk@braude.ac.il
,,jenny4good@hotmail.com
Leeshai,Miller,surfhouseis@gmail.com
Анна,Добрер,chcc@mail.ru
Денис,Мохов,denis@goldphone.tv
,,era21@zahav.net.il
,,eran1201@zahav.net.il
,,mitvach2@gmail.com
,,russiaconsul@mail.ru
Екатерина,Безымянная,kurilka.ket@gmail.com
,,shmulik2203@gmail.com
,,Hastudents@moia.gov.il
,,sharap@moia.gov.il
,,cons_ru@mail.netvision.net.il
,,GALIT.RAND@openu.ac.il
Алексей,Навальный,team@navalny.ru
Masha,Ban,Masha.Ban@openu.ac.il
Asi,Schupak,asisc@openu.ac.il
psycholab,,psycholab@openu.ac.il
,,irinab@moia.gov.il
LSV,club,lsv@lsv.lv
Students,Overseas,Students_Overseas@openu.ac.il
Lihi,Segal-Caspi,lihise@openu.ac.il
Tamar,Raz,tamar.raz@openu.ac.il
,,bubl.bubl-gum@ya.ru
,,Podchikov@gmail.com
איילה,בן-חורין,ayala@nesher.matnasim.co.il
,,onrussia@yahoo.com
Ivan,S,sportnutrition.2010@gmail.com
,,7sky-44@mail.ru
,,bigman66@bk.ru
Александр,Еремин,Snakepit1986@yandex.ru
,,greensport.ru@gmail.com
,,MTHADAR41@umtb.co.il
,,shoes@mustop.co.il
Anna,Zarembo,anazarembo@gmail.com
,,acrus@moia.gov.il
,,veredb@moia.gov.il
‫דריה,ניקולסקי‬‎,2014darya@gmail.com
,,students@moia.gov.il
Lior,Savrenevski,lior.savranevski@openu.ac.il
Bogdan,Gorodnitskiy,bogdan@midot.com
