From,To,Date,Subject,Content,Direction,Folder
Vadim Azarov,Victor Urvantsev,21/11/2015 21:32:37 UTC,Приглашение установить контакт в LinkedIn,"Здравствуйте, Victor!

Присоединяйтесь к сети моих профессиональных контактов в LinkedIn!

- Vadim",INCOMING,INBOX
Daniel Pakhomov,Victor Urvantsev,08/06/2015 21:03:32 UTC,Присоединяйтесь к моей сети контактов в LinkedIn,Присоединяйтесь к сети моих профессиональных контактов в LinkedIn!,INCOMING,INBOX
Victor Urvantsev,Shula Shazman,28/05/2016 19:41:49 UTC,Join my network on LinkedIn,I'd like to add you to my professional network on LinkedIn.,OUTGOING,SENT
Victor Urvantsev,Anton Matrosov,10/04/2016 21:07:16 UTC,Присоединяйтесь к моей сети контактов в LinkedIn,Присоединяйтесь к сети моих профессиональных контактов в LinkedIn! - Victor Urvantsev,OUTGOING,SENT
Galit Rand,Victor Urvantsev,28/05/2016 19:29:30 UTC,Присоединяйтесь к моей сети контактов в LinkedIn,Присоединяйтесь к сети моих профессиональных контактов в LinkedIn!,INCOMING,ARCHIVED
Michael Ratman,Victor Urvantsev,04/09/2015 09:16:02 UTC,Присоединяйтесь к моей сети контактов в LinkedIn,Присоединяйтесь к сети моих профессиональных контактов в LinkedIn!,INCOMING,ARCHIVED
Yury K. Kozlov,Victor Urvantsev,28/07/2015 11:01:04 UTC,Присоединяйтесь к моей сети контактов в LinkedIn,Присоединяйтесь к сети моих профессиональных контактов в LinkedIn!,INCOMING,ARCHIVED
